Country,January,February,March,April,May,June,July,August,September,October,November,December,Year
Afghanistan,49,47,59,38,2,12,47,54,50,22,55,38,2019
Albania,48,33,54,43,40,31,17,15,11,23,27,27,2019
Algeria,34,32,36,32,3,8,3,17,29,16,13,49,2019
Andorra,0,0,0,0,0,0,0,0,0,0,0,0,2019
Angola,0,0,0,0,0,0,0,0,0,0,0,0,2019
Antigua and Barbuda,0,0,0,0,0,0,0,0,0,0,0,0,2019
Argentina,192,158,190,267,42,33,47,43,44,53,142,192,2019
Armenia,15,20,25,15,10,8,10,12,15,18,20,25,2019
Australia,10368,8810,11441,9565,2485,4410,5619,5985,6895,5562,7067,14467,2019
Austria,2288,2709,1932,1656,144,251,848,667,502,543,1349,1824,2019
Azerbaijan,10,15,20,10,8,5,8,10,12,15,18,20,2019
Bahamas,0,0,0,0,0,0,0,0,0,0,0,0,2019
Bahrain,80,100,120,80,60,50,60,70,80,90,100,110,2019
Bangladesh,946,731,848,593,186,509,631,804,693,665,626,1029,2019
Barbados,0,0,0,0,0,0,0,0,0,0,0,0,2019
Belarus,200,250,300,200,150,100,150,200,250,300,350,400,2019
Belgium,1278,1681,1646,1626,153,561,2603,1508,1082,561,933,1316,2019
Belize,0,0,0,0,0,0,0,0,0,0,0,0,2019
Benin,0,0,0,0,0,0,0,0,0,0,0,0,2019
Bhutan,30,40,50,35,25,20,25,30,35,40,45,50,2019
Bolivia,0,0,0,0,0,0,0,0,0,0,0,0,2019
Bosnia and Herzegovina,0,0,0,0,0,0,0,0,0,0,0,0,2019
Botswana,0,0,0,0,0,0,0,0,0,0,0,0,2019
Brazil,330,233,310,637,46,74,122,75,115,106,318,598,2019
Brunei Darussalam,4,5,6,4,3,2,3,4,5,6,8,10,2019
Bulgaria,341,478,375,246,49,196,67,75,67,121,268,391,2019
Burkina Faso,0,1,4,0,0,0,1,1,2,1,0,2,2019
Burundi,1,1,0,0,0,0,0,0,0,0,0,1,2019
Cambodia,128,745,1592,20,48,27,41,22,36,22,94,66,2019
Cameroon,0,1,1,1,0,1,1,2,1,2,1,1,2019
Canada,5840,6469,6011,3741,1575,2827,3826,4052,2438,2385,3053,6512,2019
Cape Verde,0,0,1,0,0,0,0,0,1,2,2,0,2019
Chad,0,0,4,0,0,1,1,0,0,0,0,0,2019
Chile,132,204,85,100,33,24,36,29,59,41,65,130,2019
China,26414,28039,23759,14263,1589,3496,6926,9503,9231,11683,16312,16648,2019
Colombia,88,68,67,72,33,44,34,36,57,46,58,110,2019
Comoros,20,5,22,11,0,7,22,13,10,5,7,6,2019
"Congo, The Democratic Republic",6,7,3,2,1,1,1,0,1,2,6,3,2019
"Congo, Republic of the",1,0,0,0,1,0,0,0,0,0,0,1,2019
Costa Rica,21,21,13,13,2,1,5,9,8,9,6,35,2019
Cote Divoire,0,3,1,7,2,1,3,2,4,0,3,8,2019
Croatia,452,289,218,186,30,38,64,94,66,73,147,265,2019
Cuba,2,2,7,1,0,2,5,1,2,4,3,12,2019
Cyprus,68,66,73,68,17,26,56,114,32,27,44,118,2019
Czech Republic,2787,4449,3041,1370,167,380,997,585,663,700,1631,2434,2019
Denmark,3059,3980,1845,1887,119,481,1741,497,416,636,763,1445,2019
Djibouti,1,0,0,0,0,0,1,4,0,1,1,1,2019
Dominica,6,5,7,6,0,7,3,5,4,5,5,9,2019
Dominican Republic,5,3,9,3,0,2,3,7,7,4,44,24,2019
Ecuador,14,11,12,10,2,3,3,11,8,3,10,31,2019
Egypt,320,304,364,487,85,168,221,296,265,290,423,485,2019
El Salvador,1,5,5,4,1,3,4,3,5,6,6,3,2019
Eritrea,3,3,6,3,1,4,4,1,2,8,5,2,2019
Estonia,501,559,268,143,17,11,39,19,23,167,156,613,2019
Ethiopia,9,11,19,16,3,11,9,15,9,7,16,14,2019
Fiji,23,17,17,13,5,7,10,5,10,10,14,13,2019
Finland,1589,1668,1007,364,58,167,153,112,104,216,446,1144,2019
France,11892,17295,13957,9148,1120,1989,7142,7087,2929,3383,4857,6824,2019
Gabon,1,0,0,0,0,0,0,1,1,0,0,2,2019
Gambia,1,0,1,0,1,0,0,0,1,2,1,0,2019
Georgia,102,64,53,26,18,23,39,34,26,58,66,56,2019
Germany,14027,17268,18134,16930,1767,3312,8385,7667,6396,7820,20844,12349,2019
Ghana,8,6,13,29,4,1,3,8,11,4,13,8,2019
Greece,766,694,643,619,419,387,475,515,495,507,539,921,2019
Grenada,0,2,2,0,0,0,0,0,1,0,1,0,2019
Guatemala,7,8,9,6,0,4,2,5,3,4,15,6,2019
Guinea,0,2,0,1,0,0,1,0,4,2,2,0,2019
Guinea-Bissau,0,2,0,0,0,0,0,0,1,0,1,0,2019
Guyana,6,1,1,1,0,0,0,0,1,2,0,0,2019
Haiti,1,0,1,3,0,0,1,0,0,0,1,2,2019
Honduras,16,8,4,4,9,4,2,5,2,1,11,10,2019
Hong Kong,0,2,0,6,0,1,0,1,0,0,0,1,2019
Hungary,845,856,623,267,66,53,102,90,99,169,322,599,2019
Iceland,65,112,57,29,10,10,12,8,13,33,47,31,2019
India,40049,32286,34812,23431,11246,15048,18309,37568,28917,33217,31677,48442,2019
Indonesia,490,484,532,256,227,278,339,479,519,454,318,543,2019
Iran,204,326,1025,205,51,73,104,117,253,394,220,277,2019
Iraq,95,54,113,58,7,23,64,133,49,76,92,88,2019
Ireland,1067,1110,1224,1105,111,256,417,472,315,484,627,1066,2019
Israel,1899,1532,1077,1266,308,429,1245,1785,1576,1411,760,1482,2019
Italy,6433,5363,4309,3303,452,675,1431,3340,1016,947,3917,4961,2019
Jamaica,2,7,14,12,0,2,7,3,1,2,0,8,2019
Japan,3553,4878,4611,2203,578,880,1311,2428,2250,1832,1825,3730,2019
Jordan,370,240,295,342,23,161,182,268,146,193,348,517,2019
Kazakhstan,509,327,266,109,13,32,41,35,58,91,220,698,2019
Kenya,68,58,41,52,16,24,37,615,427,30,59,132,2019
Kiribati,0,0,0,2,0,0,0,0,2,1,0,0,2019
Kosovo,1,9,0,1,0,0,1,3,5,3,4,4,2019
Kuwait,545,467,246,247,37,159,331,520,98,123,135,331,2019
Kyrgyzstan,91,43,54,36,8,7,11,17,21,13,12,84,2019
Laos,7,13,22,18,2,6,5,8,11,8,25,4,2019
Latvia,373,282,274,97,30,25,26,32,51,125,227,314,2019
Lebanon,389,410,576,661,77,184,291,410,287,163,377,479,2019
Lesotho,3,1,0,0,1,0,1,1,0,1,3,2,2019
Liberia,1,0,1,0,0,0,0,3,1,0,0,1,2019
Libya,11,8,12,21,8,10,2,3,9,8,11,15,2019
Liechtenstein,6,9,13,11,6,1,19,4,4,3,15,17,2019
Lithuania,451,574,399,140,45,51,79,75,72,159,363,385,2019
Luxembourg,69,75,85,220,7,10,70,82,14,20,51,58,2019
Macedonia,28,18,26,19,2,8,7,10,4,7,23,14,2019
Madagascar,11,7,3,5,2,6,3,113,42,5,5,5,2019
Malawi,6,0,2,2,0,0,2,0,3,4,10,11,2019
Malaysia,1481,2070,1998,995,754,857,1026,1533,1461,1248,1461,1977,2019
Maldives,6004,4931,7802,4655,1610,3350,3875,4930,4304,3934,5850,9033,2019
Mali,6,0,5,1,0,0,2,0,1,2,2,0,2019
Malta,105,120,84,53,5,1,39,66,33,24,42,141,2019
Marshall Islands,0,1,0,0,0,1,0,0,0,0,0,0,2019
Mauritania,18,2,0,2,0,0,3,0,1,2,1,0,2019
Mauritius,100,50,97,52,4,11,35,35,25,19,25,286,2019
Mexico,144,133,243,349,33,31,49,53,64,76,96,849,2019
Micronesia,0,0,0,0,0,0,0,0,1,0,0,1,2019
Moldova,87,83,82,16,3,15,7,14,20,19,29,74,2019
Monaco,6,2,2,17,0,0,2,7,1,0,0,5,2019
Mongolia,31,20,37,3,6,4,6,4,11,4,4,37,2019
Montenegro,27,9,29,14,5,52,2,23,4,11,14,20,2019
Morocco,128,96,147,100,6,44,48,86,69,49,93,165,2019
Mozambique,4,4,3,1,0,0,1,5,6,0,3,15,2019
Myanmar,248,274,310,159,163,149,185,653,265,199,234,285,2019
Namibia,2,5,0,5,0,0,2,1,1,1,6,4,2019
Nauru,0,0,1,0,0,0,0,0,0,0,0,0,2019
Nepal,495,467,417,449,331,262,409,398,425,656,509,596,2019
Netherlands,5101,5126,4864,3523,375,696,6385,3520,2673,1659,2213,2858,2019
New Zealand,1067,1070,1437,1483,385,615,1003,993,954,663,930,1863,2019
Nicaragua,1,0,3,1,0,1,0,1,0,0,0,4,2019
Niger,0,0,0,0,0,1,1,0,3,0,1,0,2019
Nigeria,43,13,16,4,4,5,20,8,17,13,13,16,2019
North Korea,0,0,1,0,0,0,0,0,34,0,0,0,2019
Norway,1906,2053,1278,1246,172,1299,1709,675,522,452,747,1387,2019
Oman,564,355,324,282,15,324,890,326,193,162,364,318,2019
Pakistan,1543,1496,1081,848,169,521,782,2836,1849,1060,1039,1431,2019
Palestinian Territories,77,58,74,111,13,55,65,142,67,42,68,99,2019
Panama,8,15,0,2,0,1,2,0,4,0,12,1,2019
Papua New Guinea,3,0,2,1,1,0,2,6,12,3,33,35,2019
Paraguay,1,3,2,2,1,0,2,4,2,0,3,2,2019
Peru,33,33,44,39,9,16,17,15,22,18,14,40,2019
Philippines,1244,1485,1413,1308,759,998,1102,1121,1372,1285,1329,1174,2019
Poland,3840,3302,2653,914,218,284,763,558,702,805,3496,3361,2019
Portugal,452,592,806,673,94,164,243,431,251,312,520,655,2019
Qatar,65,119,115,220,7,32,115,135,31,41,40,143,2019
Romania,891,913,679,444,88,129,167,293,209,225,488,937,2019
Russian Federation,13474,13008,12705,3680,844,711,1300,1332,1638,5761,14537,17559,2019
Rwanda,4,1,3,0,0,4,1,6,0,2,1,3,2019
Saint Kitts and Nevis,1,5,5,5,1,6,3,5,3,2,4,4,2019
Saint Lucia,0,1,1,2,0,0,0,0,4,0,1,0,2019
Saint Vincent and the Grenadines,3,0,3,0,0,0,0,0,0,0,0,1,2019
Samoa,0,1,1,0,1,0,0,0,4,0,0,0,2019
San Marino,4,4,4,0,1,0,0,0,1,1,0,4,2019
Saudi Arabia,1759,1157,1402,1212,75,1500,2903,2357,985,656,805,896,2019
Senegal,3,1,6,8,0,1,1,1,2,1,5,5,2019
Serbia,274,241,186,140,32,48,60,86,56,47,97,231,2019
Seychelles,219,184,145,168,74,123,175,105,155,135,169,212,2019
Sierra Leone,1,4,2,0,0,1,8,0,1,0,4,0,2019
Singapore,1117,1500,1824,1037,464,904,805,1202,1017,959,1161,1881,2019
Slovakia,780,913,763,497,68,69,179,188,171,215,524,577,2019
Slovenia,377,717,297,250,15,59,219,120,106,245,134,387,2019
Solomon Islands,0,0,1,0,0,1,0,0,3,0,0,0,2019
Somalia,15,10,11,11,1,8,6,8,0,1,1,10,2019
South Africa,870,747,1007,628,152,287,237,305,240,253,440,1966,2019
South Korea,2140,1606,1214,677,334,623,647,799,745,962,971,1477,2019
South Sudan,0,0,3,0,0,0,0,2,6,0,0,4,2019
Spain,1838,1771,2380,2760,327,751,2383,4419,1930,1696,2212,2022,2019
Sudan,65,25,44,59,19,34,56,54,89,26,56,57,2019
Suriname,1,1,2,6,1,0,0,2,0,6,0,1,2019
Swaziland,0,0,1,0,0,1,0,0,1,0,0,0,2019
Sweden,4692,4739,2660,1288,197,467,574,371,427,869,1274,4906,2019
Switzerland,3457,3796,3179,4531,431,818,3421,1311,1304,1453,3559,2721,2019
Syrian Arab Republic,16,32,19,15,5,13,17,0,24,2,6,3,2019
Taiwan,1097,1284,889,600,111,278,364,382,655,520,399,548,2019
Tajikistan,7,13,8,4,4,2,1,0,4,5,11,20,2019
Tanzania,23,19,18,17,10,19,13,481,193,10,26,36,2019
Thailand,938,999,983,762,547,480,569,791,611,853,1120,1208,2019
Timor-Leste,9,2,3,0,0,0,2,1,0,5,2,1,2019
Togo,0,1,1,0,0,1,1,0,35,0,0,0,2019
Tonga,1,0,1,0,0,0,0,2,1,0,2,0,2019
Trinidad and Tobago,7,5,45,10,1,4,1,3,7,6,9,14,2019
Tunisia,90,77,119,75,8,26,36,43,19,39,68,278,2019
Turkey,584,692,444,335,87,161,183,339,152,157,800,1038,2019
Turkmenistan,1,21,17,6,0,3,1,1,35,1,3,7,2019
Tuvalu,0,0,0,0,0,0,0,0,0,0,0,1,2019
Uganda,197,5,10,5,13,8,23,14,16,6,25,36,2019
Ukraine,6481,5353,4239,1224,597,595,768,985,1321,2655,4770,6063,2019
United Arab Emirates,346,271,590,479,17,130,423,439,138,139,187,369,2019
Uni. Kingdom,26036,29750,29682,24718,2953,4365,13010,14132,8345,8763,16038,20984,2019
United States,7849,9678,12543,4810,1398,2412,2974,4686,2830,2836,4514,12302,2019
Uruguay,12,13,6,25,5,15,4,8,6,5,8,15,2019
Uzbekistan,66,51,77,37,16,22,34,30,19,34,35,118,2019
Vanuatu,0,1,1,1,0,0,0,0,2,1,0,0,2019
Venezuela,33,27,19,22,2,7,16,13,8,4,8,17,2019
Vietnam,189,388,499,151,107,117,199,197,211,192,206,187,2019
Yemen,91,54,59,87,8,42,125,400,104,48,49,47,2019
Zambia,11,2,9,2,0,1,5,4,3,4,15,14,2019
Zimbabwe,21,13,25,29,9,4,12,13,7,19,11,37,2019
Afghanistan,65,64,17,0,0,0,0,0,0,0,0,0,2020
Albania,33,38,26,0,0,0,0,0,0,0,0,0,2020
Algeria,34,41,8,0,0,0,0,0,0,0,0,0,2020
Andorra,2,1,0,0,0,0,0,0,0,0,0,0,2020
Angola,1,1,1,0,0,0,0,0,0,0,0,0,2020
Antigua and Barbuda,4,6,4,0,0,0,0,0,0,0,0,0,2020
Argentina,224,140,52,0,0,0,0,0,0,0,0,0,2020
Armenia,156,82,32,0,0,0,0,0,0,0,0,0,2020
Australia,8115,9578,2590,0,0,0,0,0,0,0,0,0,2020
Austria,1674,2024,602,0,0,0,0,0,0,0,0,0,2020
Azerbaijan,56,50,14,0,0,0,0,0,0,0,0,0,2020
Bahamas,0,4,1,0,0,0,0,0,0,0,0,0,2020
Bahrain,404,131,14,0,0,0,0,0,0,0,0,0,2020
Bangladesh,1014,760,212,0,0,0,0,0,0,0,0,0,2020
Barbados,2,6,1,0,0,0,0,0,0,0,0,0,2020
Belarus,1099,1101,438,0,0,0,0,0,0,0,0,0,2020
Belgium,1243,1500,628,0,0,0,0,0,0,0,0,0,2020
Belize,2,3,0,0,0,0,0,0,0,0,0,0,2020
Benin,0,2,0,0,0,0,0,0,0,0,0,0,2020
Bhutan,137,69,2,0,0,0,0,0,0,0,0,0,2020
Bolivia,12,3,3,0,0,0,0,0,0,0,0,0,2020
Bosnia and Herzegovina,30,21,17,0,0,0,0,0,0,0,0,0,2020
Botswana,11,2,1,0,0,0,0,0,0,0,0,0,2020
Brazil,467,337,71,0,0,0,0,0,0,0,0,0,2020
Brunei Darussalam,4,5,3,0,0,0,0,0,0,0,0,0,2020
Bulgaria,305,303,79,0,0,0,0,0,0,0,0,0,2020
Burundi,0,0,0,0,0,0,0,0,0,0,0,0,2020
Burkina Faso,0,1,0,0,0,0,0,0,0,0,0,0,2020
Cambodia,146,152,74,0,0,0,0,0,0,0,0,0,2020
Cameroon,3,2,1,0,0,0,0,0,0,0,0,0,2020
Canada,5510,5482,1444,0,0,0,0,0,0,0,0,0,2020
Central African Republic,0,0,1,0,0,0,0,0,0,0,0,0,2020
Chad,0,0,1,0,0,0,0,0,0,0,0,0,2020
Cape Verde,1,1,0,0,0,0,0,0,0,0,0,0,2020
Chile,128,117,26,0,0,0,0,0,0,0,0,0,2020
China,22363,2096,1688,0,0,0,0,0,0,0,0,0,2020
Colombia,88,72,41,0,0,0,0,0,0,0,0,0,2020
Comoros,6,9,2,0,0,0,0,0,0,0,0,0,2020
"Congo, Democratic Republic of the",3,35,0,0,0,0,0,0,0,0,0,0,2020
Costa Rica,9,24,0,0,0,0,0,0,0,0,0,0,2020
Cote d'Ivoire,1,1,0,0,0,0,0,0,0,0,0,0,2020
Croatia,331,250,81,0,0,0,0,0,0,0,0,0,2020
Cuba,0,1,1,0,0,0,0,0,0,0,0,0,2020
Cyprus,99,53,31,0,0,0,0,0,0,0,0,0,2020
Czech Republic,2673,3646,1280,0,0,0,0,0,0,0,0,0,2020
Denmark,2176,2223,506,0,0,0,0,0,0,0,0,0,2020
Djibouti,1,2,0,0,0,0,0,0,0,0,0,0,2020
Dominica,6,3,1,0,0,0,0,0,0,0,0,0,2020
Dominican Republic,3,0,1,0,0,0,0,0,0,0,0,0,2020
Ecuador,19,7,4,0,0,0,0,0,0,0,0,0,2020
Egypt,404,400,152,0,0,0,0,0,0,0,0,0,2020
El Salvador,0,4,1,0,0,0,0,0,0,0,0,0,2020
Equatorial Guinea,0,0,0,0,0,0,0,0,0,0,0,0,2020
Eritrea,2,5,2,0,0,0,0,0,0,0,0,0,2020
Estonia,394,651,140,0,0,0,0,0,0,0,0,0,2020
Ethiopia,9,21,6,0,0,0,0,0,0,0,0,0,2020
Fiji,34,49,3,0,0,0,0,0,0,0,0,0,2020
Finland,986,1037,275,0,0,0,0,0,0,0,0,0,2020
France,9352,11430,4056,0,0,0,0,0,0,0,0,0,2020
"Gambia, The",0,1,1,0,0,0,0,0,0,0,0,0,2020
Gabon,1,0,0,0,0,0,0,0,0,0,0,0,2020
Georgia,102,108,26,0,0,0,0,0,0,0,0,0,2020
Germany,11494,16405,6608,0,0,0,0,0,0,0,0,0,2020
Ghana,3,5,1,0,0,0,0,0,0,0,0,0,2020
Greece,598,618,357,0,0,0,0,0,0,0,0,0,2020
Grenada,3,5,8,0,0,0,0,0,0,0,0,0,2020
Guatemala,6,1,0,0,0,0,0,0,0,0,0,0,2020
Guinea,1,0,0,0,0,0,0,0,0,0,0,0,2020
Guinea-Bissau,0,0,0,0,0,0,0,0,0,0,0,0,2020
Guyana,0,5,4,0,0,0,0,0,0,0,0,0,2020
Haiti,2,1,0,0,0,0,0,0,0,0,0,0,2020
Honduras,7,6,1,0,0,0,0,0,0,0,0,0,2020
Hong Kong,8,0,2,0,0,0,0,0,0,0,0,0,2020
Hungary,758,655,175,0,0,0,0,0,0,0,0,0,2020
Iceland,48,38,28,0,0,0,0,0,0,0,0,0,2020
India,41448,35309,12600,0,0,0,0,0,0,0,0,0,2020
Indonesia,401,515,198,0,0,0,0,0,0,0,0,0,2020
Iran,330,293,25,0,0,0,0,0,0,0,0,0,2020
Iraq,71,52,15,0,0,0,0,0,0,0,0,0,2020
Ireland,948,1084,262,0,0,0,0,0,0,0,0,0,2020
Israel,1688,1539,329,0,0,0,0,0,0,0,0,0,2020
Italy,4454,3743,406,0,0,0,0,0,0,0,0,0,2020
Jamaica,7,18,0,0,0,0,0,0,0,0,0,0,2020
Japan,2917,3015,712,0,0,0,0,0,0,0,0,0,2020
Jordan,361,206,60,0,0,0,0,0,0,0,0,0,2020
Kazakhstan,1182,673,478,0,0,0,0,0,0,0,0,0,2020
Kenya,45,50,15,0,0,0,0,0,0,0,0,0,2020
Kosovo,11,5,0,0,0,0,0,0,0,0,0,0,2020
Kuwait,465,326,34,0,0,0,0,0,0,0,0,0,2020
Kyrgyzstan,122,75,24,0,0,0,0,0,0,0,0,0,2020
Lao People's Democratic Republic,8,8,3,0,0,0,0,0,0,0,0,0,2020
Latvia,235,208,155,0,0,0,0,0,0,0,0,0,2020
Lebanon,212,223,48,0,0,0,0,0,0,0,0,0,2020
Lesotho,2,0,0,0,0,0,0,0,0,0,0,0,2020
Liberia,2,0,0,0,0,0,0,0,0,0,0,0,2020
Libya,6,7,1,0,0,0,0,0,0,0,0,0,2020
Liechtenstein,6,15,3,0,0,0,0,0,0,0,0,0,2020
Lithuania,514,397,143,0,0,0,0,0,0,0,0,0,2020
Luxembourg,55,57,26,0,0,0,0,0,0,0,0,0,2020
Macedonia,23,20,10,0,0,0,0,0,0,0,0,0,2020
Madagascar,3,21,3,0,0,0,0,0,0,0,0,0,2020
Malawi,5,5,2,0,0,0,0,0,0,0,0,0,2020
Malaysia,1399,1400,695,0,0,0,0,0,0,0,0,0,2020
Maldives,4264,2960,2183,0,0,0,0,0,0,0,0,0,2020
Mali,0,3,0,0,0,0,0,0,0,0,0,0,2020
Malta,87,40,21,0,0,0,0,0,0,0,0,0,2020
Mauritania,1,0,0,0,0,0,0,0,0,0,0,0,2020
Mauritius,107,44,19,0,0,0,0,0,0,0,0,0,2020
Mexico,138,181,30,0,0,0,0,0,0,0,0,0,2020
Moldova,120,103,23,0,0,0,0,0,0,0,0,0,2020
Monaco,0,6,0,0,0,0,0,0,0,0,0,0,2020
Mongolia,20,13,2,0,0,0,0,0,0,0,0,0,2020
Montenegro,33,40,12,0,0,0,0,0,0,0,0,0,2020
Morocco,125,136,50,0,0,0,0,0,0,0,0,0,2020
Mozambique,9,3,0,0,0,0,0,0,0,0,0,0,2020
Myanmar,190,214,128,0,0,0,0,0,0,0,0,0,2020
Namibia,0,6,0,0,0,0,0,0,0,0,0,0,2020
Nauru,0,0,0,0,0,0,0,0,0,0,0,0,2020
Nepal,589,560,235,0,0,0,0,0,0,0,0,0,2020
Netherlands,3538,3763,1355,0,0,0,0,0,0,0,0,0,2020
New Zealand,1035,987,302,0,0,0,0,0,0,0,0,0,2020
Nigeria,12,13,0,0,0,0,0,0,0,0,0,0,2020
Niger,0,0,3,0,0,0,0,0,0,0,0,0,2020
Norway,1379,1304,336,0,0,0,0,0,0,0,0,0,2020
Oman,768,229,48,0,0,0,0,0,0,0,0,0,2020
Pakistan,1397,1166,502,0,0,0,0,0,0,0,0,0,2020
Palestinian Territories,85,33,10,0,0,0,0,0,0,0,0,0,2020
Panama,6,8,1,0,0,0,0,0,0,0,0,0,2020
Papua New Guinea,3,3,0,0,0,0,0,0,0,0,0,0,2020
Paraguay,6,5,2,0,0,0,0,0,0,0,0,0,2020
Peru,30,44,21,0,0,0,0,0,0,0,0,0,2020
Philippines,1199,1890,1160,0,0,0,0,0,0,0,0,0,2020
Poland,5577,4693,1638,0,0,0,0,0,0,0,0,0,2020
Portugal,568,850,184,0,0,0,0,0,0,0,0,0,2020
Qatar,69,53,7,0,0,0,0,0,0,0,0,0,2020
Republic of Zimbabwe,7,4,1,0,0,0,0,0,0,0,0,0,2020
Romania,785,693,246,0,0,0,0,0,0,0,0,0,2020
Russian Federation,19616,20948,8833,0,0,0,0,0,0,0,0,0,2020
Rwanda,3,6,0,0,0,0,0,0,0,0,0,0,2020
Saint Kitts and Nevis,8,6,1,0,0,0,0,0,0,0,0,0,2020
Saint Vincent and the Grenadines,2,0,1,0,0,0,0,0,0,0,0,0,2020
Saint Lucia,0,1,0,0,0,0,0,0,0,0,0,0,2020
Samoa,0,1,0,0,0,0,0,0,0,0,0,0,2020
San Marino,0,3,0,0,0,0,0,0,0,0,0,0,2020
Saudi Arabia,3914,662,179,0,0,0,0,0,0,0,0,0,2020
Senegal,0,3,0,0,0,0,0,0,0,0,0,0,2020
Serbia,202,204,91,0,0,0,0,0,0,0,0,0,2020
Seychelles,0,77,29,0,0,0,0,0,0,0,0,0,2020
Sierra Leone,2,1,0,0,0,0,0,0,0,0,0,0,2020
Singapore,1214,878,453,0,0,0,0,0,0,0,0,0,2020
Slovakia,539,730,244,0,0,0,0,0,0,0,0,0,2020
Slovenia,261,463,76,0,0,0,0,0,0,0,0,0,2020
Somalia,5,9,1,0,0,0,0,0,0,0,0,0,2020
South Africa,686,544,134,0,0,0,0,0,0,0,0,0,2020
South Korea,1577,835,87,0,0,0,0,0,0,0,0,0,2020
South Sudan,0,1,0,0,0,0,0,0,0,0,0,0,2020
Spain,1509,1380,496,0,0,0,0,0,0,0,0,0,2020
Sudan,67,40,36,0,0,0,0,0,0,0,0,0,2020
Suriname,0,3,1,0,0,0,0,0,0,0,0,0,2020
Swaziland,0,1,0,0,0,0,0,0,0,0,0,0,2020
Sweden,3099,3239,723,0,0,0,0,0,0,0,0,0,2020
Switzerland,2508,2924,957,0,0,0,0,0,0,0,0,0,2020
Syrian Arab Republic,37,16,4,0,0,0,0,0,0,0,0,0,2020
Taiwan Province of China,1296,580,109,0,0,0,0,0,0,0,0,0,2020
Tajikistan,18,15,9,0,0,0,0,0,0,0,0,0,2020
Tanzania,16,27,9,0,0,0,0,0,0,0,0,0,2020
Thailand,736,927,217,0,0,0,0,0,0,0,0,0,2020
Tonga,0,0,0,0,0,0,0,0,0,0,0,0,2020
Timor-Leste,0,1,0,0,0,0,0,0,0,0,0,0,2020
Togo,0,2,0,0,0,0,0,0,0,0,0,0,2020
Trinidad and Tobago,7,19,0,0,0,0,0,0,0,0,0,0,2020
Tunisia,80,45,24,0,0,0,0,0,0,0,0,0,2020
Turkey,1145,813,163,0,0,0,0,0,0,0,0,0,2020
Turkmenistan,9,9,3,0,0,0,0,0,0,0,0,0,2020
Uganda,16,15,5,0,0,0,0,0,0,0,0,0,2020
Ukraine,8549,6072,2155,0,0,0,0,0,0,0,0,0,2020
United Arab Emirates,199,123,30,0,0,0,0,0,0,0,0,0,2020
United Kingdom,21138,26348,7969,0,0,0,0,0,0,0,0,0,2020
United States,7494,7803,1545,0,0,0,0,0,0,0,0,0,2020
Uruguay,21,11,4,0,0,0,0,0,0,0,0,0,2020
Uzbekistan,74,108,35,0,0,0,0,0,0,0,0,0,2020
Vanuatu,5,1,0,0,0,0,0,0,0,0,0,0,2020
Venezuela,13,17,3,0,0,0,0,0,0,0,0,0,2020
Vietnam,287,325,97,0,0,0,0,0,0,0,0,0,2020
Yemen,116,38,19,0,0,0,0,0,0,0,0,0,2020
Zambia,16,5,2,0,0,0,0,0,0,0,0,0,2020
Zimbabwe,11,21,14,0,0,0,0,0,0,0,0,0,2020
Afghanistan,0,0,1,1,1,1,0,1,4,0,1,5,2021
Albania,0,0,0,0,0,0,0,0,0,0,0,3,2021
Algeria,0,0,0,0,0,0,0,0,1,0,8,21,2021
Andorra,0,0,1,0,0,0,0,0,0,0,3,1,2021
Angola,0,0,0,0,0,0,0,0,0,1,1,0,2021
Antigua and Barbuda,0,1,0,0,0,0,0,0,0,0,2,1,2021
Argentina,0,0,0,5,1,0,1,0,3,2,12,26,2021
Armenia,2,1,9,5,1,0,0,4,1,5,6,78,2021
Australia,3,24,29,60,34,13,15,26,27,121,940,3129,2021
Austria,5,19,38,32,9,8,47,55,44,151,267,827,2021
Azerbaijan,0,2,7,2,0,0,7,0,1,0,16,53,2021
Bahamas,0,0,0,0,0,0,0,0,0,1,2,1,2021
Bahrain,0,0,8,2,13,0,3,5,0,6,10,81,2021
Bangladesh,0,6,3,5,6,2,31,19,235,273,372,544,2021
Barbados,0,0,0,0,0,0,0,0,0,0,8,0,2021
Belarus,30,44,23,14,0,0,0,7,13,36,120,359,2021
Belgium,0,7,9,22,1,3,17,54,61,152,318,639,2021
Belize,0,0,0,0,0,0,0,0,0,0,0,0,2021
Benin,0,0,0,0,0,0,0,0,1,0,0,0,2021
Bhutan,0,0,1,0,1,0,0,0,0,0,2,1,2021
Bolivia,0,0,2,0,0,0,0,0,0,0,16,0,2021
Bosnia and Herzegovina,0,1,0,0,0,0,0,1,0,2,6,9,2021
Botswana,0,0,1,1,0,0,0,0,0,0,0,0,2021
Brazil,0,3,3,6,2,1,0,4,6,6,30,98,2021
Brunei Darussalam,0,0,0,0,0,0,0,0,0,0,0,0,2021
Bulgaria,0,0,2,15,4,0,0,4,1,5,58,122,2021
Burundi,0,1,0,0,0,0,0,0,0,0,1,0,2021
Burkina Faso,0,0,0,0,0,0,0,0,0,2,0,0,2021
Cambodia,0,0,1,0,0,0,0,0,0,2,4,7,2021
Cameroon,0,0,0,0,0,0,0,0,0,1,1,2,2021
Canada,17,71,120,144,69,67,178,594,265,688,1161,1705,2021
Central African Republic,0,0,0,0,0,1,0,0,0,0,0,0,2021
Chad,0,0,0,0,0,0,0,0,0,0,0,0,2021
Cape Verde,0,0,0,0,0,0,0,0,0,0,0,0,2021
Chile,0,1,0,0,0,0,0,0,0,3,4,15,2021
China,27,117,223,475,237,176,167,178,176,182,201,258,2021
Colombia,0,2,3,4,3,1,0,1,2,4,19,37,2021
Comoros,0,0,0,0,0,0,0,0,0,1,0,0,2021
"Congo, The Democratic Republic",0,0,0,0,0,0,0,0,0,0,0,0,2021
Costa Rica,0,0,0,0,0,0,0,0,0,0,1,7,2021
Cote Divoire,0,1,0,1,0,0,0,0,0,0,0,0,2021
Croatia,0,0,1,1,1,0,1,0,2,10,33,53,2021
Cuba,0,0,0,2,0,0,0,0,0,0,4,6,2021
Cyprus,0,0,1,1,3,1,0,9,4,3,12,27,2021
Czech Republic,0,17,52,52,5,4,17,30,39,132,429,1087,2021
Denmark,0,11,21,10,5,1,34,27,62,159,316,656,2021
Djibouti,0,0,0,0,0,0,0,0,0,0,0,0,2021
Dominica,0,0,0,1,0,0,1,0,0,0,4,2,2021
Dominican Republic,0,0,0,0,0,0,0,0,1,0,1,0,2021
Ecuador,0,0,0,0,0,0,0,0,0,1,1,2,2021
Egypt,0,3,9,8,3,0,3,5,8,13,80,268,2021
El Salvador,0,0,0,0,0,0,0,0,0,0,1,0,2021
Equatorial Guinea,0,0,0,0,0,0,0,0,0,0,0,0,2021
Eritrea,0,0,0,0,0,0,0,1,0,0,2,4,2021
Ethiopia,0,0,0,3,0,0,0,0,0,6,5,5,2021
European Union,0,0,0,0,0,0,0,0,0,1,0,0,2021
Fiji,0,0,0,0,0,3,0,0,0,0,5,4,2021
Finland,0,2,7,10,5,0,1,4,20,32,65,195,2021
France,4,40,72,84,27,654,147,248,181,624,1447,3021,2021
Gambia,0,0,0,0,0,0,0,0,0,0,0,0,2021
Gabon,0,0,0,0,0,0,0,0,0,0,0,1,2021
Georgia,0,0,1,9,0,0,0,4,2,14,23,60,2021
Germany,19,245,502,383,222,137,215,515,466,1196,2667,5875,2021
Ghana,0,0,0,0,1,0,0,0,0,1,1,1,2021
Greece,0,1,3,4,2,0,3,3,14,14,46,159,2021
Grenada,0,0,0,0,0,0,0,0,0,0,1,0,2021
Guatemala,0,0,0,0,0,0,0,0,3,0,3,0,2021
Guinea,0,0,0,1,0,0,0,0,0,0,0,0,2021
Guinea-Bissau,0,0,0,0,0,0,1,0,0,0,0,0,2021
Guyana,0,0,0,0,0,0,0,0,0,0,3,2,2021
Haiti,0,0,0,0,0,0,0,0,0,0,0,0,2021
Honduras,0,0,0,1,0,0,0,0,0,0,0,0,2021
Hong Kong,0,0,0,0,0,0,0,0,0,0,0,0,2021
Hungary,0,6,6,7,0,0,2,3,12,24,63,322,2021
Iceland,0,0,1,0,0,0,0,1,0,6,15,18,2021
India,17,79,183,796,39,5,8,405,8528,8406,14236,23566,2021
Indonesia,3,5,3,6,1,9,21,96,245,473,806,188,2021
Iran,0,0,65,4,3,2,6,7,7,16,106,181,2021
Iraq,0,0,3,1,3,0,8,0,2,39,91,115,2021
Ireland,0,18,15,17,8,1,7,9,19,49,86,330,2021
Isle of Man,0,0,0,0,0,0,0,0,0,0,0,1,2021
Israel,0,1,14,33,8,3,22,78,147,110,624,684,2021
Italy,2,23,34,43,29,16,32,54,47,160,313,556,2021
Jamaica,0,0,1,0,0,0,0,0,0,1,2,5,2021
Japan,1,9,12,19,8,11,7,9,9,45,103,159,2021
Jordan,0,4,34,14,12,17,10,16,8,61,183,323,2021
Kazakhstan,1,1231,1514,440,2,0,2,7,3,7,85,2462,2021
Kenya,0,0,1,1,0,0,0,1,1,7,7,21,2021
Kosovo,0,1,0,0,0,0,1,0,0,0,3,1,2021
Kuwait,0,0,3,3,0,0,1,3,4,20,34,98,2021
Kyrgyzstan,0,1,2,0,7,0,0,0,0,6,6,67,2021
Laos,0,0,0,0,0,0,0,0,0,0,0,0,2021
Latvia,1,13,12,6,3,2,0,2,4,15,106,170,2021
Lebanon,0,6,48,45,16,0,7,6,4,37,126,252,2021
Lesotho,0,0,0,0,0,0,0,0,0,0,0,0,2021
Liberia,0,0,0,0,0,0,0,0,0,0,0,1,2021
Libya,0,0,0,0,0,0,0,0,1,0,2,5,2021
Liechtenstein,0,0,1,1,0,0,0,0,0,2,2,9,2021
Lithuania,0,5,11,2,1,4,2,2,11,60,130,155,2021
Luxembourg,0,2,2,6,0,0,5,2,0,1,19,43,2021
Macedonia,0,0,0,1,0,0,0,0,1,1,6,7,2021
Madagascar,0,0,1,0,0,0,0,0,0,0,5,0,2021
Malawi,0,0,0,0,0,0,0,0,0,2,0,1,2021
Malaysia,1,3,3,8,2,0,2,2,3,44,97,158,2021
Maldives,17,13,56,32,73,22,249,341,146,963,1464,2896,2021
Mali,0,0,0,0,0,0,0,0,0,0,1,1,2021
Malta,0,0,1,0,0,0,1,0,0,1,6,9,2021
Mauritania,0,0,0,0,0,0,0,0,0,0,0,0,2021
Mauritius,0,1,2,0,0,0,1,2,1,3,0,13,2021
Mexico,0,3,2,1,0,1,0,3,4,10,13,41,2021
Micronesia,0,0,0,1,0,0,0,0,0,0,0,0,2021
Moldova,6,7,1,1,0,0,0,0,0,0,12,38,2021
Monaco,0,0,0,0,0,0,0,0,0,0,1,0,2021
Mongolia,0,0,0,0,0,0,0,0,0,0,0,4,2021
Montenegro,0,0,0,0,1,0,1,1,0,0,0,0,2021
Morocco,0,1,0,2,0,1,1,1,1,7,20,51,2021
Mozambique,0,0,0,1,0,0,0,0,0,0,0,1,2021
Myanmar,1,4,1,5,2,2,0,3,2,1,9,9,2021
Namibia,0,0,0,4,0,0,0,0,0,1,0,2,2021
Nauru,0,0,0,0,0,0,0,0,0,0,0,0,2021
Nepal,0,1,1,3,2,3,1,4,7,29,65,209,2021
Netherlands,18,21,35,52,11,20,72,115,94,242,598,1144,2021
New Zealand,3,5,7,14,5,6,0,11,3,24,80,167,2021
Nigeria,0,0,0,2,0,0,0,0,1,0,1,7,2021
Niger,0,0,0,0,0,0,0,0,0,0,0,0,2021
Norway,0,14,21,17,2,32,39,64,56,212,237,447,2021
Oman,0,0,1,0,0,0,1,11,5,27,69,132,2021
Pakistan,0,13,17,18,9,13,111,456,1225,2042,2612,1004,2021
Palestinian Territories,0,0,1,0,2,0,0,1,3,3,20,38,2021
Panama,0,1,0,0,0,0,0,0,0,0,0,0,2021
Papua New Guinea,0,0,0,0,0,0,0,0,0,0,0,2,2021
Paraguay,0,0,2,0,0,0,0,0,0,0,0,0,2021
Peru,0,0,0,1,0,0,0,0,0,0,7,10,2021
Philippines,6,15,8,28,26,6,18,21,31,76,116,178,2021
Poland,0,11,45,26,9,2,8,34,20,116,460,1379,2021
Portugal,0,4,4,8,1,3,1,6,17,53,141,134,2021
Qatar,0,1,0,2,0,0,0,0,0,7,12,12,2021
Romania,0,2,4,32,2,6,0,20,7,21,145,581,2021
Russian Federation,20,119,197,173,94,33,66,247,304,1328,3520,10793,2021
Rwanda,0,0,0,0,0,0,0,0,0,0,0,0,2021
Saint Kitts and Nevis,0,2,0,3,0,0,0,1,1,0,3,12,2021
Saint Lucia,0,0,0,0,0,0,0,0,0,0,1,2,2021
Saint Vincent and the Grenadines,0,0,0,0,0,0,0,0,0,0,2,0,2021
Samoa,0,0,0,0,0,0,0,0,0,0,0,0,2021
San Marino,0,0,0,0,0,0,0,0,0,0,1,0,2021
Saudi Arabia,0,0,1,1,7,4,11,36,23,79,693,741,2021
Senegal,0,0,0,0,0,0,0,0,0,0,0,0,2021
Serbia,0,2,9,3,0,3,0,3,3,4,55,80,2021
Seychelles,0,0,1,5,0,0,1,3,1,5,71,31,2021
Sierra Leone,0,0,0,0,0,0,0,0,0,0,1,0,2021
Singapore,1,0,4,4,11,1,4,12,16,31,167,306,2021
Slovakia,0,14,26,39,8,6,11,18,21,42,168,311,2021
Slovenia,0,5,2,5,2,0,0,6,5,10,18,38,2021
Somalia,0,0,0,0,0,0,0,0,0,1,5,0,2021
South Africa,0,1,23,31,9,2,3,4,4,26,60,109,2021
South Korea,0,5,7,2,1,0,2,3,11,76,162,120,2021
South Sudan,0,0,0,0,0,0,0,0,0,0,0,0,2021
Spain,0,18,36,30,20,10,15,78,182,269,463,894,2021
Sudan,0,1,0,1,0,0,2,3,1,1,19,69,2021
Suriname,0,0,0,0,0,0,0,0,0,0,0,0,2021
Swaziland,0,0,0,0,0,0,0,0,0,0,0,0,2021
Sweden,0,9,22,19,7,14,29,40,29,98,264,1070,2021
Switzerland,3,33,84,93,45,27,123,152,88,403,698,1225,2021
Syrian Arab Republic,0,0,1,2,0,0,0,0,0,1,2,0,2021
Taiwan,0,0,3,5,0,0,2,2,3,6,2,19,2021
Tajikistan,0,0,0,2,0,0,1,0,1,7,1,3,2021
Tanzania,0,0,0,0,0,0,0,0,0,1,2,4,2021
Thailand,0,2,6,3,3,0,3,5,5,29,62,129,2021
Tonga,0,0,0,0,0,0,0,0,0,0,0,1,2021
Timor-Leste,0,0,0,0,0,0,0,0,0,0,0,0,2021
Togo,0,0,0,0,0,0,0,0,0,0,0,2,2021
Trinidad and Tobago,0,0,0,0,0,0,0,0,2,2,9,3,2021
Tunisia,0,0,0,1,0,0,5,0,2,5,13,55,2021
Turkey,1,3,15,11,9,3,6,8,16,31,65,141,2021
Turkmenistan,0,1,0,0,0,0,0,0,0,0,2,1,2021
Uganda,0,0,0,2,0,0,0,0,1,2,2,2,2021
Ukraine,1460,845,287,47,18,9,13,20,43,168,565,3562,2021
United Arab Emirates,0,0,4,7,6,0,3,0,0,5,60,169,2021
United Kingdom,3,79,316,334,149,121,342,489,309,2241,3770,8493,2021
United States,10,75,182,248,153,118,242,311,150,573,1178,2884,2021
Uruguay,0,0,1,0,0,0,0,0,0,0,3,9,2021
Uzbekistan,0,5,10,5,5,1,6,0,0,6,15,52,2021
Vanuatu,0,0,0,0,0,0,2,0,0,1,3,0,2021
Venezuela,0,0,0,0,0,0,0,0,1,1,2,4,2021
Vietnam,0,0,5,2,5,0,1,1,2,4,8,24,2021
Yemen,0,0,0,2,2,0,0,1,0,4,26,21,2021
Zambia,0,0,0,0,0,1,0,0,0,0,0,0,2021
Zimbabwe,0,0,0,0,0,0,0,0,1,0,3,5,2021
Afghanistan,0,2,16,0,1,0,2,0,0,0,7,11,2022
Albania,21,7,10,6,7,8,4,2,2,3,3,10,2022
Algeria,6,24,31,8,15,9,10,9,10,12,11,29,2022
Andorra,0,1,3,0,2,1,2,13,0,0,0,3,2022
Antarctica,0,0,0,0,0,0,0,0,0,0,0,1,2022
Angola,2,2,3,2,0,0,1,0,3,0,0,0,2022
Antigua and Barbuda,2,0,3,1,2,1,1,2,0,1,2,1,2022
Argentina,29,25,38,27,14,7,8,4,4,17,40,55,2022
Armenia,56,89,74,56,26,14,25,15,37,57,86,244,2022
Australia,2814,1688,2359,3508,1660,2511,1974,1898,2309,2106,2939,5158,2022
Austria,788,1054,887,575,189,109,299,206,152,239,424,619,2022
Azerbaijan,65,75,366,29,21,9,11,37,9,15,55,89,2022
Bahamas,0,0,0,0,0,1,0,0,0,0,1,0,2022
Bahrain,59,49,80,22,51,42,36,22,14,28,19,88,2022
Bangladesh,302,259,451,155,249,129,176,168,338,417,511,662,2022
Barbados,0,3,0,0,1,0,0,0,1,0,2,6,2022
Belarus,736,823,515,129,68,34,35,46,54,143,456,582,2022
Belgium,495,620,761,846,212,259,1115,475,316,274,279,512,2022
Belize,1,0,1,0,0,0,0,0,0,0,0,0,2022
Benin,0,0,0,1,0,0,0,0,0,0,0,0,2022
Bhutan,30,11,6,2,1,3,3,30,8,5,31,9,2022
Bolivia,6,1,3,8,2,2,0,2,3,5,3,2,2022
Bosnia and Herzegovina,15,27,28,11,5,1,0,4,0,2,5,6,2022
Botswana,5,0,0,1,2,0,3,0,0,0,0,4,2022
Brazil,49,48,87,135,42,27,34,32,40,27,51,97,2022
Brunei Darussalam,0,0,0,0,1,0,0,6,2,1,2,4,2022
Bulgaria,305,547,396,146,15,13,13,25,22,18,30,113,2022
Burkina Faso,1,0,0,0,0,0,0,0,0,0,0,0,2022
Cambodia,21,22,2,4,6,2,14,3,8,12,43,20,2022
Cameroon,1,1,2,0,0,0,0,2,0,1,0,0,2022
Canada,1666,1958,2989,2083,2013,2308,3458,2581,1552,1625,1994,2618,2022
Cape Verde,2,2,1,1,0,0,0,0,0,0,0,0,2022
Chad,0,2,0,0,1,0,0,1,0,0,0,1,2022
Chile,29,14,30,12,16,5,7,4,7,12,23,23,2022
China,226,266,358,261,242,231,266,534,637,468,591,635,2022
Colombia,20,28,40,61,37,12,8,20,11,23,17,27,2022
Comoros,2,1,2,1,2,2,0,0,1,1,1,3,2022
"Congo, Republic of the",3,1,3,1,0,0,2,0,1,1,2,0,2022
Costa Rica,4,11,7,5,1,1,0,2,0,0,3,6,2022
Cote Divoire,0,0,0,0,0,0,1,0,0,0,0,0,2022
Croatia,60,67,73,23,8,8,13,8,8,8,21,41,2022
Cuba,1,1,4,7,1,1,2,0,0,0,0,2,2022
Cyprus,39,25,48,54,11,17,19,73,19,19,28,38,2022
Czech Republic,1174,2055,1802,686,83,151,217,95,53,150,355,529,2022
Denmark,1013,1217,1187,1307,295,275,457,235,164,265,312,551,2022
Djibouti,0,1,1,1,3,0,0,0,0,0,1,0,2022
Dominica,3,4,6,4,0,0,2,3,0,2,7,6,2022
Dominican Republic,2,0,0,3,0,0,0,0,0,1,1,1,2022
Ecuador,2,4,7,4,6,12,1,3,5,2,5,8,2022
Egypt,217,453,445,170,211,84,136,41,53,173,137,220,2022
El Salvador,0,4,3,3,0,3,1,3,1,2,2,3,2022
Equatorial Guinea,0,0,0,0,2,1,0,0,0,0,0,0,2022
Eritrea,2,2,1,0,3,0,0,1,0,0,2,1,2022
Estonia,185,285,210,64,12,5,8,2,10,58,28,111,2022
Ethiopia,3,4,5,3,11,6,3,0,2,3,2,14,2022
Fiji,0,0,6,0,1,1,3,3,8,4,3,19,2022
Finland,271,298,181,169,45,95,59,40,28,78,77,159,2022
France,3616,5699,5741,4035,1076,1717,3567,2784,1201,1540,1841,2665,2022
Gabon,0,0,1,1,0,0,0,0,0,0,1,0,2022
Gambia,0,0,0,1,0,0,0,0,0,0,0,0,2022
Georgia,106,168,67,28,64,61,24,70,28,40,71,65,2022
Germany,5339,7780,9561,6088,2208,2466,3666,3251,2149,2881,5169,4984,2022
Ghana,2,3,0,0,1,1,3,2,0,0,10,7,2022
Greece,78,150,102,145,25,16,40,49,27,52,41,174,2022
Guam,0,2,0,0,0,0,0,0,0,0,0,0,2022
Grenada,0,0,3,0,0,3,2,1,3,1,0,1,2022
Guatemala,0,3,2,8,0,0,0,0,0,1,2,1,2022
Guinea-Bissau,0,0,0,0,0,0,0,0,0,0,0,1,2022
Guyana,0,0,4,2,0,0,0,1,0,0,1,1,2022
Honduras,1,2,0,0,0,0,1,0,2,0,2,2,2022
Hong Kong,0,0,0,0,0,0,0,0,0,0,0,1,2022
Haiti,0,0,0,1,0,0,0,0,0,0,0,0,2022
Hungary,425,502,508,217,33,47,42,17,31,66,136,300,2022
Iceland,21,22,18,21,4,23,11,1,2,5,6,29,2022
India,11751,12744,23216,8678,5562,6810,6031,5340,6493,8862,10167,17350,2022
Indonesia,75,81,112,56,72,45,30,36,71,70,103,134,2022
Iran,260,303,2235,227,102,79,35,88,214,190,206,362,2022
Iraq,72,171,236,71,120,40,98,59,18,44,39,145,2022
Ireland,217,375,746,603,191,137,172,80,52,101,139,243,2022
Israel,707,1587,1007,1228,150,212,404,643,826,557,548,1457,2022
Italy,503,553,730,584,329,506,650,937,352,480,619,1206,2022
Jamaica,2,0,4,2,0,1,0,1,1,0,0,2,2022
Japan,92,122,226,249,158,148,169,294,226,318,377,708,2022
Jordan,224,230,363,135,207,79,242,154,145,181,177,335,2022
Kazakhstan,2041,2821,2598,122,28,22,12,13,27,27,95,262,2022
Kenya,19,19,42,20,12,12,5,9,6,15,29,42,2022
Kosovo,2,0,3,3,0,1,1,0,0,1,1,1,2022
Kuwait,36,204,131,49,118,45,78,53,43,58,41,96,2022
Kyrgyzstan,125,109,82,22,21,0,1,9,9,30,30,94,2022
Laos,2,9,4,0,0,1,0,3,3,4,0,3,2022
Latvia,192,209,375,67,11,12,12,6,10,39,237,135,2022
Lebanon,87,153,200,305,123,71,108,58,58,88,88,267,2022
Lesotho,0,0,0,0,2,1,0,0,0,0,0,0,2022
Liberia,0,1,1,0,1,0,1,0,0,1,0,0,2022
Libya,0,8,3,0,0,0,2,0,3,5,0,8,2022
Liechtenstein,1,1,5,5,3,0,1,0,0,2,1,8,2022
Lithuania,352,555,466,146,50,32,52,29,21,59,195,158,2022
Luxembourg,11,33,24,63,6,5,16,18,8,9,13,27,2022
Macedonia,3,29,16,7,1,0,0,0,2,4,3,6,2022
Madagascar,2,3,4,6,2,9,4,8,3,5,6,10,2022
Malawi,0,3,0,0,1,5,0,0,1,0,2,3,2022
Malaysia,159,147,317,244,153,161,123,135,207,264,350,519,2022
Maldives,2401,1532,1910,567,849,1130,1207,957,1314,1943,1626,3444,2022
Mali,0,0,1,0,0,0,0,0,0,1,1,0,2022
Malta,8,15,12,34,10,20,5,15,41,10,5,98,2022
Marshall Islands,1,0,0,1,0,0,0,0,0,0,0,0,2022
Mauritania,0,1,2,0,0,0,1,0,0,0,1,0,2022
Mauritius,7,14,9,12,7,2,7,3,7,4,17,41,2022
Mexico,21,33,43,35,18,12,18,15,13,29,33,64,2022
Micronesia,0,0,0,0,0,0,0,0,0,0,0,1,2022
Moldova,79,56,14,7,6,2,1,1,6,12,20,37,2022
Monaco,1,1,4,3,0,0,0,0,0,3,0,31,2022
Mongolia,14,22,0,1,1,1,4,1,4,3,1,0,2022
Montenegro,5,13,12,9,2,1,3,1,0,0,7,6,2022
Morocco,29,61,90,23,44,20,19,28,10,24,42,56,2022
Mozambique,0,2,1,0,2,1,0,0,3,1,2,2,2022
Myanmar,16,23,19,42,16,11,16,10,33,25,14,27,2022
Namibia,2,0,1,10,3,0,2,0,2,0,1,3,2022
Nepal,100,97,186,94,39,30,25,50,47,90,126,181,2022
Netherlands,1141,1232,1422,1575,483,423,2053,1021,473,559,649,956,2022
New Zealand,112,131,246,329,181,153,239,166,186,244,307,572,2022
Nicaragua,0,0,0,0,0,1,1,0,0,0,1,0,2022
Nigeria,5,3,3,5,0,0,1,1,1,1,1,6,2022
Niger,0,0,0,0,1,0,1,0,0,0,0,0,2022
Norway,521,595,768,587,192,1021,757,295,250,257,332,408,2022
Oman,101,127,93,18,47,35,75,55,26,58,84,157,2022
Pakistan,610,691,1256,138,214,279,241,286,421,443,783,898,2022
Palestinian Territories,20,27,55,13,29,21,28,20,15,23,39,76,2022
Panama,2,1,0,0,1,2,4,1,1,0,0,0,2022
Papua New Guinea,0,1,2,1,0,1,2,1,3,1,1,8,2022
Paraguay,1,2,0,3,0,0,0,1,0,0,2,1,2022
Peru,11,12,13,9,10,1,3,5,3,4,2,14,2022
Philippines,109,157,256,246,160,97,149,125,115,162,149,236,2022
Poland,3185,4315,3315,1391,203,320,344,261,228,307,802,524,2022
Portugal,157,206,341,295,64,128,86,113,95,120,145,156,2022
Qatar,4,17,53,5,55,9,38,9,21,15,18,57,2022
Romania,528,776,517,475,50,46,64,117,77,110,146,407,2022
Russian Federation,13478,15340,8899,3874,3202,1610,1918,1426,1553,6189,13820,19963,2022
Rwanda,3,1,0,2,0,0,0,0,0,0,1,2,2022
Saint Kitts And Nevis,4,8,3,3,6,2,3,1,1,4,1,10,2022
San Marino,0,0,0,0,0,0,0,0,0,0,0,1,2022
Saint Lucia,0,0,0,1,0,0,3,2,0,0,1,0,2022
Saudi Arabia,1167,861,1397,225,365,281,311,220,118,212,471,324,2022
Senegal,1,0,0,0,1,3,0,1,1,1,1,1,2022
Serbia,138,158,147,95,7,6,9,13,7,12,27,54,2022
Seychelles,37,32,16,30,14,9,20,29,27,36,31,66,2022
Sierra Leone,0,0,2,2,1,0,1,1,0,3,0,0,2022
Singapore,229,283,489,289,209,222,156,182,262,297,432,720,2022
Slovakia,363,515,462,287,66,47,112,50,38,87,199,206,2022
Slovenia,68,116,54,106,3,24,80,9,6,33,21,82,2022
Solomon Islands,0,0,0,0,0,0,1,0,0,0,0,0,2022
Somalia,1,2,4,1,1,0,0,0,1,5,0,3,2022
South Africa,73,161,290,257,64,76,55,51,34,58,125,258,2022
South Korea,104,117,200,151,63,102,87,111,138,211,237,322,2022
South Sudan,0,0,0,0,0,0,1,0,0,0,0,0,2022
Spain,597,744,1112,1447,692,1027,1499,2148,1091,799,748,991,2022
Sudan,147,151,156,15,63,21,65,21,36,66,32,45,2022
Suriname,0,1,0,2,0,0,0,1,0,1,0,0,2022
Swaziland,1,2,0,0,0,0,0,0,0,0,0,1,2022
Sweden,683,818,725,464,104,304,209,124,145,220,409,892,2022
Switzerland,1186,1495,1243,1647,570,665,2207,695,583,889,832,1248,2022
Syrian Arab Republic,5,4,1,1,0,1,0,1,0,0,0,1,2022
Taiwan,13,23,35,16,11,50,16,17,22,24,59,77,2022
Tajikistan,28,36,28,0,2,7,1,3,5,6,11,6,2022
Tanzania,3,2,16,6,1,3,3,2,2,1,22,24,2022
Thailand,72,86,156,123,84,131,84,97,89,210,282,311,2022
Timor-Leste,0,0,0,0,0,0,0,0,0,0,0,2,2022
Togo,2,0,0,1,1,0,0,0,0,0,0,0,2022
Tonga,0,0,1,0,0,0,0,0,0,0,0,0,2022
Trinidad And Tobago,1,1,3,3,1,0,0,1,1,1,2,8,2022
Tunisia,30,36,94,28,38,19,11,11,9,23,23,57,2022
Turkey,174,166,290,176,66,57,57,42,47,61,154,224,2022
Turkmenistan,2,4,3,2,2,0,3,0,0,4,0,9,2022
Uganda,3,1,8,6,3,9,3,2,9,2,4,6,2022
Ukraine,7774,5288,401,158,84,77,58,68,69,136,260,544,2022
United Arab Emirates,64,53,240,51,191,69,112,110,53,74,123,207,2022
United Kingdom,7442,10642,12908,11539,3723,3368,9257,6776,2872,4275,4506,7879,2022
United States,1829,1855,3114,1872,1368,1647,1469,1105,991,1253,2089,3638,2022
Uruguay,1,6,13,10,1,1,1,2,1,7,3,7,2022
Uzbekistan,85,382,563,32,15,21,13,12,13,32,30,44,2022
Vanuatu,1,0,0,0,0,1,0,1,0,2,2,3,2022
Venezuela,4,2,8,4,1,1,2,0,1,3,2,2,2022
Vietnam,17,40,46,83,34,43,22,46,41,52,37,58,2022
Yemen,24,26,36,3,17,13,13,21,6,8,41,21,2022
Zambia,1,1,1,0,2,1,0,0,1,2,1,16,2022
Zimbabwe,25,3,8,6,14,3,5,1,0,1,6,7,2022
Afghanistan,9,2,1,1,24,6,30,41,21,5,25,16,2023
Albania,6,8,4,6,7,9,12,9,3,4,8,12,2023
Algeria,21,16,15,33,22,25,29,36,39,19,27,29,2023
Andorra,4,1,1,3,2,2,7,15,4,7,1,6,2023
Angola,0,0,1,1,0,0,1,1,0,0,1,5,2023
Antigua and Barbuda,4,2,2,3,1,0,1,6,3,0,2,3,2023
Argentina,76,43,94,71,66,37,34,52,42,49,56,67,2023
Armenia,258,145,124,158,74,85,123,144,101,301,324,653,2023
Aruba,0,0,0,0,1,0,0,0,0,0,0,1,2023
Australia,3668,3113,4725,4996,4201,6195,5323,5522,5969,4977,7900,10847,2023
Austria,956,934,872,649,440,299,979,866,726,778,1212,1883,2023
Azerbaijan,115,64,343,120,54,71,191,156,82,94,195,194,2023
Bahamas,0,1,3,3,0,2,3,0,2,0,1,5,2023
Bahrain,134,35,56,86,78,171,204,176,52,54,82,104,2023
Bangladesh,717,531,612,960,1145,1072,1520,1533,1441,2456,2674,3185,2023
Barbados,0,1,3,0,1,1,1,5,1,1,2,0,2023
Belarus,1204,1244,1399,627,428,441,453,497,778,824,1508,1566,2023
Belgium,646,725,722,636,420,438,2259,1330,1061,666,769,995,2023
Belize,1,0,1,2,0,1,0,1,1,2,0,0,2023
Benin,1,0,0,1,0,0,0,1,3,1,0,3,2023
Bhutan,32,19,24,25,21,39,41,60,32,39,33,68,2023
Bolivia,0,1,6,4,5,2,2,2,0,5,3,4,2023
Bosnia and Herzegovina,10,7,15,16,18,3,10,15,8,9,14,50,2023
Botswana,4,1,2,3,7,3,11,2,2,2,3,21,2023
Brazil,101,83,112,208,74,84,69,77,82,94,117,236,2023
Brunei Darussalam,0,6,1,2,0,3,5,2,4,1,6,3,2023
Bulgaria,134,325,283,150,18,16,45,46,60,94,234,555,2023
Burkina Faso,0,1,0,1,4,0,0,1,0,2,0,0,2023
Burundi,0,2,0,0,0,0,1,2,2,2,2,1,2023
Cambodia,31,57,47,12,75,75,47,9,26,70,42,28,2023
Cameroon,8,3,0,0,2,2,2,2,1,4,3,1,2023
Canada,3681,3107,4066,3310,3753,4509,5737,4735,2426,2302,2678,3640,2023
Cape Verde,0,0,0,1,0,0,1,0,0,0,0,0,2023
Chad,0,0,0,0,0,0,0,0,1,0,0,0,2023
Central African Republic,0,0,0,0,0,0,0,0,0,0,1,1,2023
Chile,26,45,27,45,33,42,27,28,19,30,31,41,2023
China,835,1535,3096,5118,4173,5105,10062,9262,8445,6211,6673,8274,2023
Colombia,36,38,46,56,33,42,22,52,49,30,56,79,2023
Comoros,3,3,3,3,5,12,16,6,7,1,5,2,2023
"Congo, The Democratic Republic",0,3,1,2,2,3,2,2,2,3,0,1,2023
Costa Rica,6,4,8,0,3,7,3,2,5,8,6,10,2023
Cote Divoire,2,2,0,0,0,1,0,1,0,3,1,0,2023
Croatia,84,84,91,57,24,23,59,73,48,104,111,172,2023
Cuba,5,1,12,2,6,2,2,2,1,4,7,6,2023
Cyprus,51,41,67,81,28,49,112,282,15,59,71,95,2023
Czech Republic,960,1206,1287,820,259,277,789,525,413,681,2373,2466,2023
Denmark,1081,1110,895,727,348,680,1721,552,472,556,764,1440,2023
Djibouti,0,3,0,1,0,1,2,0,1,1,1,1,2023
Dominica,8,3,14,4,4,7,6,4,8,4,3,20,2023
Dominican Republic,2,0,2,2,1,3,1,1,5,6,4,2,2023
Ecuador,10,6,7,10,6,8,6,4,6,11,12,12,2023
Egypt,127,241,185,309,164,260,292,239,189,269,344,472,2023
El Salvador,3,2,1,8,4,2,5,4,2,1,3,4,2023
Eritrea,2,0,3,2,4,3,1,4,1,1,1,0,2023
Estonia,182,193,197,60,35,19,15,26,47,99,229,706,2023
Ethiopia,8,6,1,9,5,12,19,6,13,11,12,19,2023
Fiji,6,5,17,4,8,9,18,18,6,16,19,40,2023
Finland,257,204,173,123,93,116,106,61,132,197,352,473,2023
France,4840,6118,5786,5535,2414,2895,7432,6223,2661,2956,3882,5509,2023
Gabon,1,0,0,0,0,1,0,0,0,0,0,0,2023
Gambia,0,1,0,1,0,0,0,2,2,4,1,7,2023
Georgia,164,128,102,87,51,44,24,45,19,88,79,83,2023
Germany,8217,7930,9702,7404,6854,5090,8013,8472,7231,7548,12331,13747,2023
Ghana,1,5,3,1,5,3,1,0,5,3,14,2,2023
Greece,151,163,143,148,48,38,101,307,51,135,187,344,2023
Grenada,0,2,0,0,1,0,0,2,2,3,3,2,2023
Guatemala,1,4,8,1,1,0,4,2,6,5,10,6,2023
Guinea,1,0,1,0,0,1,2,0,0,1,1,1,2023
Guyana,0,0,2,0,1,1,0,3,1,2,3,1,2023
Haiti,3,1,1,0,0,1,1,0,0,1,2,2,2023
Honduras,3,1,6,1,2,2,1,1,3,1,6,2,2023
Hungary,400,405,403,189,72,98,200,166,97,211,505,1040,2023
Iceland,33,25,16,14,16,11,27,5,16,17,19,39,2023
India,13759,13714,18959,19915,23016,26830,23461,30593,30063,28222,30339,43973,2023
Indonesia,138,175,133,173,142,200,249,208,184,256,217,277,2023
Iran,435,791,3738,420,259,330,264,279,1593,530,783,900,2023
Iraq,63,92,64,84,58,85,100,103,73,49,37,94,2023
Ireland,244,287,463,490,186,423,517,380,293,512,489,852,2023
Israel,1868,2188,1765,1432,863,856,1919,3396,4162,460,187,421,2023
Italy,1477,1409,1272,1384,680,1265,2370,5110,1257,967,1662,3389,2023
Jamaica,1,1,4,6,3,7,3,7,3,7,5,10,2023
Japan,744,974,1042,2318,876,1017,1454,2604,1830,1295,2875,2554,2023
Jordan,261,227,245,376,249,396,545,389,242,218,152,304,2023
Kazakhstan,470,328,972,159,75,96,106,75,91,166,193,2399,2023
Kenya,23,40,51,52,24,35,44,106,40,42,30,126,2023
Kiribati,0,0,0,0,0,2,0,0,0,0,0,0,2023
Kosovo,1,0,3,6,9,0,5,2,3,2,3,4,2023
Kuwait,162,219,101,191,99,183,259,293,147,85,66,150,2023
Kyrgyzstan,79,74,83,38,36,30,61,44,37,35,79,238,2023
Laos,17,4,16,2,8,7,6,9,13,6,10,10,2023
Latvia,171,176,172,59,39,31,31,31,28,99,293,476,2023
Lebanon,111,188,206,616,161,279,321,250,292,268,171,484,2023
Lesotho,0,0,0,0,0,2,2,0,0,0,0,0,2023
Liberia,1,0,2,0,0,1,0,0,0,0,1,0,2023
Libya,4,6,1,4,5,3,3,11,6,3,7,4,2023
Liechtenstein,5,6,3,9,10,3,10,2,1,7,8,8,2023
Lithuania,278,296,360,223,59,77,113,91,113,226,396,490,2023
Luxembourg,35,40,39,93,33,14,61,78,35,20,29,62,2023
Macedonia,9,15,17,28,4,15,13,9,9,29,16,37,2023
Madagascar,7,7,15,7,9,10,9,8,17,21,13,20,2023
Malawi,2,2,3,5,4,2,1,1,2,9,7,4,2023
Malaysia,496,657,676,735,895,779,915,1207,924,788,1084,1784,2023
Maldives,2203,1818,1774,1596,2438,4080,6286,2596,2287,3862,2420,5968,2023
Mali,2,0,0,0,1,1,1,2,2,3,2,1,2023
Malta,45,28,32,33,17,32,39,77,105,42,37,163,2023
Marshall Islands,0,0,1,1,0,0,0,5,0,0,0,0,2023
Mauritania,1,0,1,0,0,0,0,0,0,1,1,3,2023
Mauritius,19,21,28,20,25,29,21,23,29,22,40,194,2023
Mexico,19,40,80,82,46,34,44,45,119,54,82,147,2023
Moldova,66,47,56,25,14,17,13,8,14,14,49,89,2023
Monaco,2,0,5,6,0,1,0,1,4,0,0,4,2023
Mongolia,2,12,7,20,2,7,11,8,15,18,14,5,2023
Montenegro,20,9,6,10,2,1,1,9,2,6,6,4,2023
Morocco,47,38,58,65,40,86,81,82,49,45,64,134,2023
Mozambique,5,3,3,0,0,1,7,2,1,7,3,2,2023
Myanmar,35,36,73,44,90,53,93,355,47,63,138,103,2023
Namibia,1,0,0,0,4,1,1,1,2,1,3,3,2023
Nauru,0,0,0,0,0,5,0,3,0,0,0,0,2023
Nepal,292,247,295,226,361,374,375,476,593,632,411,468,2023
Netherlands,1514,1485,1573,1593,1072,1258,6796,3429,3177,2117,2370,2672,2023
New Zealand,394,346,543,627,540,853,734,575,648,561,749,1343,2023
Nicaragua,2,1,0,1,1,1,0,0,3,1,1,1,2023
Niger,0,2,0,0,1,0,0,1,1,3,0,0,2023
Nigeria,10,2,3,3,4,15,9,7,6,15,13,6,2023
Norway,698,567,648,487,344,1281,1643,481,547,394,622,1035,2023
Oman,183,229,63,64,93,212,427,386,74,77,122,108,2023
Pakistan,595,724,824,399,580,711,1223,1264,1391,903,962,1168,2023
Palau,0,0,0,0,0,0,0,2,1,1,0,0,2023
Palestinian Territories,28,43,25,41,41,65,76,133,40,29,26,43,2023
Panama,1,4,3,0,1,2,1,0,2,2,3,1,2023
Papua New Guinea,1,3,2,0,8,1,2,5,3,0,16,41,2023
Paraguay,2,3,2,3,2,2,4,4,0,3,0,0,2023
Peru,8,10,10,14,6,8,21,10,9,9,20,22,2023
Philippines,188,262,329,369,300,410,448,468,328,318,296,448,2023
Poland,1269,1118,1507,1129,616,702,999,1029,1599,1418,3343,3217,2023
Portugal,230,268,299,486,155,181,282,368,286,304,557,527,2023
Qatar,34,46,67,62,25,145,179,134,23,47,27,33,2023
Romania,316,398,340,315,163,148,172,304,166,299,516,955,2023
Russian Federation,25254,29084,25553,14656,7760,7968,8009,6853,7163,10629,24912,29657,2023
Rwanda,2,0,1,2,3,3,1,1,0,2,2,7,2023
Saint Kitts and Nevis,3,10,9,11,7,12,3,12,3,6,8,10,2023
Saint Lucia,3,0,0,1,0,0,0,1,4,0,2,1,2023
Saint Vincent and the Grenadines,0,0,0,0,0,0,0,7,1,0,0,0,2023
Samoa,0,0,0,0,0,0,0,1,0,2,0,0,2023
San Marino,1,1,0,0,1,0,0,3,0,0,2,0,2023
Saudi Arabia,340,365,653,414,372,595,1564,708,331,290,872,293,2023
Senegal,2,5,2,3,0,1,0,3,4,8,2,2,2023
Serbia,144,153,136,172,41,31,63,88,76,82,164,215,2023
Seychelles,21,7,23,33,30,110,267,243,103,143,103,275,2023
Sierra Leone,0,2,1,4,0,0,2,1,0,0,1,0,2023
Singapore,414,486,636,500,691,1164,656,904,759,600,1140,1601,2023
Slovakia,351,515,610,475,172,129,254,227,258,394,617,462,2023
Slovenia,146,184,88,197,25,49,351,154,108,203,195,227,2023
Solomon Islands,0,2,0,0,0,1,0,0,0,0,1,1,2023
Somalia,3,3,4,3,4,4,6,2,1,12,2,9,2023
South Africa,125,141,265,315,145,291,232,338,185,232,274,901,2023
South Korea,450,508,479,469,498,516,628,666,656,604,867,957,2023
South Sudan,0,0,0,0,8,1,3,0,0,1,2,0,2023
Spain,857,770,1125,1619,857,1229,2751,4455,2414,2488,2673,2667,2023
Sudan,61,37,52,44,31,73,154,88,33,36,145,65,2023
Swaziland,0,0,0,0,2,0,1,0,0,0,2,5,2023
Suriname,0,0,1,1,0,2,4,5,12,1,1,0,2023
Sweden,871,836,631,509,287,622,560,317,327,617,948,2118,2023
Switzerland,1769,1812,1660,2091,1208,1334,4329,1483,1638,1608,1970,2654,2023
Syrian Arab Republic,0,1,1,0,2,1,0,0,0,0,0,0,2023
Taiwan,151,193,237,244,211,637,411,611,616,761,553,374,2023
Tajikistan,27,19,14,9,11,11,11,8,8,23,7,27,2023
Tanzania,9,10,9,11,9,8,9,10,18,17,8,23,2023
Thailand,279,210,308,406,455,414,633,480,326,394,380,637,2023
Timor-Leste,0,0,0,6,0,6,7,0,11,0,4,0,2023
Togo,1,1,0,3,1,1,1,0,0,4,0,0,2023
Tonga,0,0,0,0,4,0,1,0,1,0,0,0,2023
Trinidad and Tobago,2,7,6,5,5,4,2,3,2,4,5,10,2023
Tunisia,43,39,48,106,27,50,71,46,40,65,45,107,2023
Turkey,362,246,227,289,141,275,251,262,256,349,566,515,2023
Turkmenistan,4,18,11,13,7,5,11,2,5,9,13,23,2023
Tuvalu,0,0,0,0,0,0,1,2,0,0,0,0,2023
Uganda,9,1,9,4,7,15,27,12,11,16,9,7,2023
Ukraine,884,562,516,326,167,200,185,183,233,305,479,1042,2023
United Arab Emirates,101,138,115,169,155,404,576,379,228,190,148,342,2023
United Kingdom,8483,8575,11053,8743,5987,7981,17482,15035,7504,8454,11526,19265,2023
United States,2636,2443,5701,3940,3240,3806,4120,3107,2357,2651,4299,8044,2023
Uruguay,5,4,5,14,5,5,7,7,7,6,6,3,2023
Uzbekistan,152,383,58,25,26,33,48,39,52,68,51,242,2023
Vanuatu,1,2,6,5,3,2,4,3,2,2,4,7,2023
Venezuela,4,5,14,18,3,8,9,15,1,5,11,13,2023
Vietnam,117,103,284,141,233,192,195,238,154,113,335,202,2023
Yemen,22,26,28,22,25,23,55,83,31,52,34,44,2023
Zambia,6,7,4,6,3,2,5,4,3,4,1,6,2023
Zimbabwe,7,4,10,16,10,9,16,14,10,10,14,37,2023
Afghanistan,26,21,18,0,20,2,15,18,5,7,5,61,2024
Albania,7,6,13,10,11,7,11,13,6,8,10,15,2024
Algeria,18,38,10,38,28,48,54,49,25,26,28,37,2024
Andorra,3,6,10,1,7,6,20,25,23,14,3,13,2024
Angola,8,0,2,1,5,0,0,2,1,2,3,0,2024
Antigua and Barbuda,3,5,5,3,1,0,5,2,1,9,3,9,2024
Argentina,141,79,120,102,44,51,50,43,45,91,66,99,2024
Armenia,510,264,326,128,60,71,128,136,107,371,229,304,2024
Aruba,0,0,0,0,0,0,0,0,0,0,0,0,2024
Australia,6645,6265,8852,7202,5465,6317,7371,6687,7200,6523,7937,13109,2024
Austria,2385,2372,1674,1092,544,384,1722,1150,757,917,1705,2401,2024
Azerbaijan,163,157,469,101,39,83,150,97,100,98,438,140,2024
Bahamas,0,0,4,0,0,3,3,0,1,4,1,5,2024
Bahrain,122,81,29,85,68,197,162,140,54,64,86,81,2024
Bangladesh,2329,2389,1308,2354,2878,4374,4607,3877,4178,3732,3375,4154,2024
Barbados,0,1,13,2,0,5,4,3,0,7,1,7,2024
Belarus,2342,1884,1665,752,195,175,203,199,177,504,1429,1408,2024
Belgium,1313,1577,1565,914,549,872,3435,1751,1669,847,1390,1337,2024
Belize,1,2,4,2,0,1,4,1,1,2,2,4,2024
Benin,0,0,0,1,2,1,1,0,2,0,3,3,2024
Bhutan,135,67,68,24,52,33,29,51,45,41,80,90,2024
Bolivia,8,7,2,6,5,4,2,6,3,3,7,2,2024
Bosnia and Herzegovina,37,66,17,18,15,10,18,19,26,14,18,48,2024
Botswana,3,2,3,2,1,5,3,7,2,4,1,21,2024
Brazil,236,212,159,239,106,111,134,129,100,125,186,208,2024
Brunei Darussalam,1,11,9,4,3,15,7,6,0,2,1,6,2024
Bulgaria,656,624,458,313,71,26,34,43,32,233,488,721,2024
Burkina Faso,0,0,0,1,1,0,0,0,0,2,0,1,2024
Burundi,0,0,1,0,1,1,0,1,3,0,1,1,2024
Cambodia,42,41,531,162,82,50,24,25,55,59,53,59,2024
Cameroon,1,4,4,1,0,0,2,0,0,4,2,3,2024
Canada,4126,3912,4034,3594,3294,3263,4821,3868,2095,2339,3085,3781,2024
Cape Verde,0,0,0,0,0,0,1,1,0,0,0,0,2024
Chad,0,0,1,0,0,0,0,1,0,1,0,2,2024
Central African Republic,0,0,29,0,0,0,1,1,0,0,0,1,2024
Chile,56,61,77,53,42,32,36,42,32,40,34,47,2024
China,12528,16279,13836,8969,7930,9222,13685,12088,9685,9164,8371,9924,2024
Colombia,54,70,69,88,40,44,51,51,26,62,52,59,2024
Comoros,6,6,3,2,10,8,17,14,5,13,4,3,2024
"Congo, Republic of the",2,5,0,0,2,3,2,3,0,0,4,12,2024
Costa Rica,20,14,11,11,7,3,3,2,2,5,9,11,2024
Cote Divoire,0,1,2,0,0,0,0,1,0,2,5,0,2024
Croatia,281,249,200,70,35,23,78,133,95,110,217,368,2024
Cuba,6,1,10,1,1,10,4,6,6,4,3,5,2024
Cyprus,91,62,67,112,31,57,191,307,45,52,50,129,2024
Czech Republic,3484,3852,2988,1279,314,526,1133,822,496,729,1357,2299,2024
Denmark,2542,2160,1497,822,410,714,2147,606,566,739,1036,1713,2024
Djibouti,1,4,5,0,0,1,0,2,2,3,0,0,2024
Dominica,7,9,14,8,11,9,17,6,2,14,18,9,2024
Dominican Republic,8,1,3,1,4,3,1,2,1,5,0,6,2024
Ecuador,9,13,7,9,8,9,11,1,11,13,7,18,2024
Egypt,396,476,99,458,223,365,326,265,232,282,456,491,2024
El Salvador,2,4,4,1,1,5,4,1,3,2,2,3,2024
Equatorial Guinea,0,0,0,6,0,0,0,0,0,0,0,0,2024
Eritrea,1,1,1,3,2,6,0,0,0,1,3,2,2024
Estonia,910,898,690,236,11,30,24,15,45,131,234,576,2024
Ethiopia,8,6,10,17,6,13,11,14,12,12,9,13,2024
Fiji,16,9,11,26,13,9,9,7,2,10,26,25,2024
Finland,737,666,464,238,159,130,94,100,165,215,534,774,2024
France,9919,12503,10960,8792,4064,3102,9405,8596,3749,4688,6665,6332,2024
Gabon,0,0,0,0,0,0,0,0,2,0,0,0,2024
Gambia,0,2,0,2,4,2,1,3,1,0,1,3,2024
Georgia,216,187,148,132,39,26,30,26,27,24,99,70,2024
Germany,13593,16259,18324,9843,7495,4556,10618,10623,8260,9217,12593,14703,2024
Ghana,3,4,4,3,1,0,4,4,6,11,8,10,2024
Greece,264,264,305,306,133,82,119,339,106,142,260,533,2024
Grenada,1,0,2,2,0,5,2,5,3,3,7,7,2024
Guatemala,2,10,2,6,6,5,1,3,4,4,6,14,2024
Guinea-Bissau,0,0,1,0,0,0,1,0,2,0,0,0,2024
Guinea,0,2,0,2,1,5,0,2,0,1,0,2,2024
Guyana,0,1,4,0,0,3,1,2,3,9,2,2,2024
Haiti,1,0,0,0,0,1,2,0,1,3,9,1,2024
Honduras,1,1,1,2,2,0,2,2,2,2,2,2,2024
Hungary,1544,1311,585,237,78,160,210,261,137,431,648,978,2024
Iceland,41,28,26,16,22,6,29,21,12,20,58,44,2024
India,34399,30027,31853,27304,32254,28631,41173,33031,27884,36417,41120,52881,2024
Indonesia,224,320,257,248,218,272,275,291,431,297,532,379,2024
Iran,688,919,3589,426,280,318,339,883,1227,591,804,794,2024
Iraq,54,74,21,58,101,93,119,172,81,64,79,96,2024
Ireland,797,874,1008,846,315,673,715,586,434,706,703,1090,2024
Israel,773,1988,2212,3169,1506,1515,2962,3248,3142,1398,878,2054,2024
Italy,3485,3194,2502,2245,1010,1792,3630,9586,1902,1431,2237,5695,2024
Jamaica,4,11,18,1,7,12,7,5,12,9,5,4,2024
Japan,1993,2666,2575,1949,1581,1666,2202,4102,3526,2392,2178,3599,2024
Jordan,180,227,85,313,149,373,275,173,151,315,224,358,2024
Kazakhstan,3350,2682,2266,152,65,96,168,71,99,213,289,1932,2024
Kenya,42,64,80,45,45,29,128,54,79,42,62,137,2024
Kiribati,0,0,1,0,0,0,0,0,0,0,0,0,2024
Kosovo,1,4,3,3,5,2,1,1,6,3,4,12,2024
Kuwait,231,222,59,225,77,231,198,207,119,70,96,150,2024
Kyrgyzstan,239,219,108,50,32,25,65,21,35,34,95,146,2024
Laos,4,13,11,12,18,19,11,9,4,1,11,12,2024
Latvia,750,654,670,146,22,30,30,23,29,152,435,629,2024
Lebanon,155,293,242,671,216,308,283,244,163,110,332,421,2024
Lesotho,0,1,3,0,0,0,1,1,3,0,0,6,2024
Liberia,0,1,0,0,0,1,4,1,1,2,2,0,2024
Libya,2,7,0,3,11,4,2,6,0,5,5,30,2024
Liechtenstein,7,9,5,10,2,3,10,5,3,7,14,17,2024
Lithuania,1015,1601,1219,401,69,73,174,111,92,285,488,867,2024
Luxembourg,70,86,104,81,37,13,77,109,13,29,62,83,2024
Macedonia,20,24,16,23,29,10,25,14,16,30,15,31,2024
Madagascar,13,10,19,7,5,7,28,11,6,10,15,12,2024
Malawi,3,0,5,3,4,1,10,2,2,5,11,7,2024
Malaysia,1096,2250,1721,1277,1204,1384,1596,1571,1954,1013,1467,1726,2024
Maldives,2919,3235,1562,2938,8040,5109,3097,3198,4359,2880,2982,6903,2024
Mali,0,1,1,1,0,1,1,2,3,1,0,0,2024
Malta,92,125,125,38,21,14,61,136,108,23,53,204,2024
Marshall Islands,1,0,0,0,0,0,0,0,0,1,0,0,2024
Mauritania,0,0,4,1,1,0,0,0,1,2,0,0,2024
Mauritius,48,53,43,59,25,25,33,57,20,21,120,251,2024
Micronesia,0,0,1,0,0,0,0,1,0,1,0,0,2024
Mexico,96,95,111,155,57,38,44,58,100,90,87,137,2024
Moldova,134,166,92,81,8,2,13,11,6,18,55,137,2024
Monaco,5,11,1,3,0,0,4,2,1,3,0,2,2024
Mongolia,15,6,7,4,8,22,10,1,20,2,15,19,2024
Montenegro,34,19,17,18,2,3,6,9,1,5,12,43,2024
Morocco,62,103,35,131,59,80,87,112,78,100,74,121,2024
Mozambique,2,2,5,1,7,4,1,1,2,3,1,19,2024
Myanmar,106,101,110,125,83,117,194,417,33,82,65,82,2024
Namibia,3,5,5,3,0,2,6,0,2,1,2,7,2024
Nauru,0,0,2,0,0,0,0,0,0,0,0,0,2024
Nepal,625,508,309,284,282,200,382,252,234,552,386,449,2024
Netherlands,4531,4011,3707,3437,1845,1935,11431,5355,3725,2859,3387,3893,2024
Netherlands Antilles,0,0,0,0,0,0,0,0,1,0,1,0,2024
New Zealand,732,567,1032,1116,664,853,1017,1011,1033,780,915,1562,2024
Nicaragua,1,1,1,1,0,1,0,0,1,0,1,1,2024
Niger,0,1,0,1,0,0,0,0,0,0,0,0,2024
Nigeria,1,11,3,9,0,1,9,5,18,7,19,13,2024
Norway,1226,1329,1033,548,379,1452,1800,486,443,442,783,1478,2024
Oman,236,116,28,125,139,322,685,473,185,155,170,141,2024
Pakistan,956,1299,941,797,938,1399,1848,1040,556,1140,1148,1389,2024
Palau,0,0,0,0,0,0,0,0,33,0,0,1,2024
Palestinian Territories,25,61,8,57,31,81,96,65,0,36,63,77,2024
Panama,4,7,5,3,2,0,3,1,4,3,1,3,2024
Papua New Guinea,3,1,28,3,0,4,2,5,9,6,7,14,2024
Paraguay,2,2,4,2,2,1,1,0,0,1,3,1,2024
Peru,24,13,24,42,16,11,16,25,13,32,23,8,2024
Philippines,262,440,395,578,395,544,500,465,398,407,398,485,2024
Poland,7800,6909,4789,2349,1002,1047,2257,2240,2243,2132,5164,6233,2024
Portugal,487,654,670,530,314,281,351,667,410,633,856,636,2024
Qatar,41,45,16,99,39,80,156,102,19,33,34,82,2024
Romania,853,940,638,655,147,192,264,336,254,354,531,1243,2024
Russian Federation,31159,32030,28016,15103,4384,3412,4578,4351,4199,10367,29053,35268,2024
Rwanda,1,6,3,2,1,5,4,2,8,3,5,6,2024
Saint Kitts and Nevis,17,12,10,26,10,10,8,8,9,9,14,19,2024
Saint Lucia,1,1,2,0,0,4,1,1,1,15,0,3,2024
Saint Vincent and the Grenadines,0,1,0,0,1,0,1,0,0,1,0,1,2024
Samoa,0,0,0,0,0,1,0,0,0,1,0,0,2024
San Marino,6,0,0,0,2,4,0,1,2,3,8,8,2024
Saudi Arabia,511,549,91,360,213,990,1276,330,319,251,644,353,2024
Senegal,4,2,0,3,0,1,2,0,0,2,4,5,2024
Serbia,314,293,239,222,32,52,91,107,103,147,181,234,2024
Seychelles,211,149,198,289,117,238,222,327,196,143,167,434,2024
Sierra Leone,2,2,2,3,0,1,4,3,1,2,2,4,2024
Singapore,804,862,1166,858,914,1284,853,1215,710,717,1197,2011,2024
Slovakia,990,1179,945,535,173,163,292,290,255,439,736,713,2024
Slovenia,275,611,194,338,46,115,417,186,188,297,200,610,2024
Solomon Islands,0,1,0,0,0,1,1,1,3,1,2,1,2024
Somalia,6,4,10,8,5,4,6,19,7,12,8,9,2024
South Africa,332,350,548,474,195,349,333,324,299,259,320,1089,2024
South Korea,1677,830,861,637,571,579,1009,698,608,876,1188,1266,2024
South Sudan,3,1,0,0,0,0,0,1,0,3,1,0,2024
Spain,2004,2036,2706,2166,1369,2081,4224,7262,4166,3458,3655,2801,2024
Sudan,54,41,14,68,69,116,122,77,62,112,110,96,2024
Swaziland,2,0,1,0,2,0,3,4,1,5,4,6,2024
Suriname,2,0,0,3,0,1,2,2,0,0,2,3,2024
Sweden,1921,1903,1331,537,278,568,716,290,345,716,1132,3676,2024
Switzerland,2951,2888,2522,2557,1345,1291,5089,1856,1778,1816,2490,3246,2024
Syrian Arab Republic,2,10,0,7,3,1,0,0,0,1,1,0,2024
Tajikistan,18,8,11,10,10,12,11,20,8,17,15,9,2024
Tanzania,12,25,15,11,14,18,74,15,20,18,29,17,2024
Thailand,505,716,928,834,583,364,483,598,384,581,622,648,2024
Timor-Leste,4,0,3,6,2,2,0,0,0,1,4,7,2024
Togo,0,0,1,0,1,1,0,3,0,2,1,0,2024
Tonga,1,0,0,2,3,4,1,1,0,1,3,0,2024
Trinidad and Tobago,6,16,14,8,10,7,5,6,4,8,14,4,2024
Tunisia,56,136,27,152,57,59,79,54,45,165,42,108,2024
Turkey,717,663,473,910,294,572,403,448,361,409,620,803,2024
Turkmenistan,11,5,9,8,3,1,14,6,2,21,6,5,2024
Tuvalu,0,0,0,0,0,2,0,0,0,0,0,0,2024
Uganda,11,33,15,29,16,13,18,13,10,8,15,15,2024
Ukraine,1485,1193,907,437,203,206,214,203,191,350,554,1156,2024
United Arab Emirates,219,227,72,378,229,591,836,562,270,304,282,326,2024
United Kingdom,16665,20614,21540,13173,8094,9266,20837,17587,8688,10206,12912,18757,2024
United States,5712,5709,7617,5574,4082,4023,4962,3539,2460,3170,4472,8212,2024
Uruguay,12,16,11,8,20,5,3,4,7,4,6,6,2024
Uzbekistan,402,70,71,57,32,42,64,28,31,70,56,295,2024
Vanuatu,1,2,6,4,2,13,6,9,5,6,3,4,2024
Venezuela,3,17,19,25,6,11,8,9,8,10,14,17,2024
Vietnam,166,270,304,235,290,237,279,293,183,202,346,158,2024
Yemen,29,65,11,26,14,43,73,45,11,21,40,27,2024
Zambia,1,3,6,1,2,1,0,3,1,11,8,13,2024
Zimbabwe,36,12,25,16,11,14,13,11,3,14,26,22,2024
